event_frequency,failed_login_count,avg_interval,source_frequency,destination_frequency,request_count,bytes_out,port_spread,access_hour,asset_sensitivity,severity_code,rare_event
0.10010,0.04370,0.81231,0.13095,0.09032,0.07158,0.07714,0.01712,0.21074,-0.97754,0.29420,0.00000,1.00000
0.04174,0.13539,0.65974,0.03217,0.20542,0.13865,0.06475,0.11588,0.68708,-0.72658,0.60002,0.00000,0.00000
0.03335,0.03204,0.94292,0.08684,0.13623,0.05320,0.41583,0.13232,0.53075,-0.84753,0.57455,0.00000,0.00000
0.09958,0.01196,0.68153,0.04727,0.09731,0.06316,0.35710,0.09668,-0.91711,0.39863,0.51381,0.00000,0.00000
0.13082,0.09617,0.94719,0.23052,0.06687,0.02872,0.13071,0.01873,0.99998,-0.00628,0.34894,0.50000,0.00000
0.07852,0.02200,0.93047,0.05647,0.14034,0.07774,0.23173,0.02398,-0.69505,0.71896,0.25901,0.00000,0.00000
0.22162,0.11170,0.74150,0.16241,0.05725,0.02079,0.12708,0.01722,-0.71423,-0.69991,0.82329,0.00000,0.00000
0.10301,0.00559,0.72224,0.05521,0.03820,0.03541,0.33025,0.15417,0.59336,0.80494,0.42181,0.00000,0.00000
0.05540,0.02740,0.60813,0.08973,0.14688,0.08719,0.16253,0.14059,-0.98987,-0.14199,0.27887,0.00000,0.00000
0.10659,0.02901,0.81627,0.17592,0.13440,0.08717,0.07944,0.11869,-0.26308,-0.96477,0.57837,0.25000,0.00000
0.08341,0.06335,0.73043,0.07351,0.09631,0.02812,0.47992,0.19366,0.27889,-0.96032,0.24552,0.00000,0.00000
0.05740,0.21852,0.72113,0.11511,0.08077,0.06837,0.43137,0.22581,0.96508,0.26195,0.42161,0.00000,0.00000
0.11776,0.00993,0.58072,0.18878,0.12115,0.05222,0.02614,0.22200,-0.94369,0.33084,0.33820,0.25000,0.00000
0.17627,0.00102,0.86733,0.08185,0.04814,0.01155,0.22054,0.03187,-0.31348,-0.94960,0.39292,0.25000,0.00000
0.02216,0.01878,0.79709,0.05072,0.07372,0.07051,0.10448,0.07951,-0.97294,-0.23106,0.63152,0.00000,0.00000
0.13236,0.02577,0.92196,0.07312,0.08135,0.07638,0.08040,0.24974,-0.99367,0.11230,0.53242,0.00000,0.00000
0.07948,0.01109,0.71476,0.08771,0.02987,0.07102,0.52127,0.05241,0.94209,0.33535,0.40312,0.25000,0.00000
0.06323,0.05196,0.95401,0.10403,0.05883,0.02867,0.15376,0.13389,-0.67129,-0.74120,0.43263,0.25000,0.00000
0.15791,0.05757,0.95291,0.08363,0.11013,0.01951,0.32093,0.32371,-0.93856,-0.34511,0.44978,0.00000,0.00000
0.16801,0.14555,0.52655,0.11603,0.06192,0.03246,0.10256,0.27206,0.21948,0.97562,0.36716,0.00000,0.00000
0.06377,0.12476,0.75836,0.04165,0.07119,0.15658,0.08092,0.19709,0.98170,0.19043,0.49007,0.00000,0.00000
0.16198,0.01658,0.84050,0.20294,0.29043,0.08740,0.13685,0.06495,0.25916,0.96584,0.30307,0.25000,0.00000
0.07452,0.16814,0.92541,0.06981,0.16150,0.12545,0.08505,0.10351,-0.46036,0.88773,0.60899,0.25000,0.00000
0.16273,0.02395,0.38170,0.30443,0.01273,0.02184,0.15002,0.14667,0.97655,-0.21529,0.29771,0.00000,0.00000
0.16524,0.17528,0.75722,0.07006,0.07892,0.11052,0.03327,0.14229,-0.55815,0.82974,0.69863,0.00000,0.00000
0.25168,0.12553,0.70509,0.05565,0.10514,0.06190,0.12473,0.04977,0.31976,-0.94750,0.36447,0.00000,0.00000
0.13666,0.08311,0.51703,0.03263,0.06646,0.03787,0.11459,0.29098,-0.96302,-0.26943,0.58786,0.00000,0.00000
0.06750,0.10037,0.80842,0.14344,0.02835,0.20064,0.25221,0.06792,-0.75394,-0.65694,0.51983,0.00000,0.00000
0.10873,0.09749,0.84292,0.27639,0.07637,0.12824,0.19208,0.01699,-0.97375,0.22764,0.47649,0.50000,0.00000
0.35267,0.10309,0.59508,0.10672,0.10253,0.07552,0.07049,0.08490,-0.31635,0.94864,0.58425,0.00000,0.00000
0.23280,0.00564,0.57870,0.11975,0.05330,0.07747,0.06243,0.17371,0.96884,-0.24770,0.31667,0.00000,0.00000
0.16079,0.09451,0.97392,0.03902,0.06943,0.09838,0.06263,0.09114,0.71101,0.70318,0.26975,0.00000,0.00000
0.10655,0.11791,0.82292,0.12104,0.16184,0.05254,0.18412,0.07150,-0.25541,0.96683,0.58717,0.00000,0.00000
0.04225,0.01749,0.61462,0.10728,0.03497,0.05942,0.32368,0.25800,-0.98089,-0.19454,0.29039,0.00000,0.00000
0.19972,0.01763,0.74246,0.15450,0.11842,0.16976,0.35502,0.05791,-0.72971,0.68376,0.33163,0.25000,0.00000
0.00897,0.01999,0.61262,0.02484,0.02782,0.06144,0.10148,0.06430,0.07983,0.99681,0.48886,0.00000,0.00000
0.07800,0.01113,0.66208,0.19512,0.00588,0.15798,0.01742,0.04965,-0.05626,-0.99842,0.54345,0.25000,0.00000
0.09531,0.36814,0.65741,0.06368,0.12298,0.02743,0.20109,0.00281,0.96349,-0.26776,0.55285,0.00000,0.00000
0.01367,0.01594,0.68493,0.19450,0.07428,0.13550,0.21169,0.07341,-0.50558,0.86278,0.57383,0.00000,0.00000
0.07666,0.28644,0.35289,0.02324,0.19404,0.03954,0.13401,0.20612,0.10671,0.99429,0.33914,0.00000,0.00000
0.16097,0.11254,0.82905,0.20076,0.02945,0.04925,0.24297,0.05630,-0.86308,-0.50507,0.20245,0.00000,0.00000
0.09050,0.11012,0.58675,0.12493,0.22459,0.01515,0.04061,0.12446,0.35141,0.93622,0.48634,0.00000,0.00000
0.12139,0.06546,0.66665,0.10636,0.04344,0.21342,0.12149,0.18257,0.03355,-0.99944,0.43846,0.50000,0.00000
0.08455,0.10772,0.72548,0.03081,0.01608,0.10092,0.01778,0.08100,0.99473,0.10252,0.66417,0.00000,0.00000
0.05799,0.09938,0.72701,0.24827,0.39145,0.14788,0.42289,0.01895,-0.80281,0.59623,0.14660,0.00000,0.00000
0.08688,0.00323,0.52793,0.20267,0.06342,0.02092,0.01881,0.18245,0.60631,0.79523,0.77661,0.50000,0.00000
0.07627,0.06149,0.76848,0.08379,0.09004,0.01657,0.03223,0.12161,0.94125,0.33770,0.60034,0.00000,0.00000
0.05596,0.06550,0.93859,0.21668,0.12250,0.02652,0.07478,0.04856,-0.75346,0.65749,0.72820,0.25000,0.00000
0.26840,0.01468,0.87783,0.13243,0.14608,0.05929,0.43917,0.10079,0.13381,0.99101,0.32190,0.00000,0.00000
0.02446,0.15923,0.95442,0.48246,0.16800,0.06662,0.02334,0.07509,-0.35822,0.93364,0.44646,0.00000,1.00000
0.03683,0.23932,0.69786,0.08875,0.16269,0.07641,0.09009,0.04795,0.86901,-0.49479,0.61155,0.00000,0.00000
0.23179,0.04579,0.89402,0.08222,0.07241,0.04929,0.11013,0.18727,0.88278,0.46979,0.35768,0.00000,0.00000
0.00716,0.01574,0.74530,0.05099,0.24529,0.04047,0.05550,0.02570,-0.58328,0.81227,0.27891,0.00000,0.00000
0.06241,0.06166,0.76826,0.08492,0.06861,0.14063,0.11609,0.01623,0.95359,0.30112,0.30734,0.00000,0.00000
0.18066,0.16957,0.77935,0.01026,0.02119,0.05107,0.03174,0.20957,0.50518,-0.86301,0.27949,0.00000,0.00000
0.11077,0.11079,0.78618,0.02931,0.10792,0.00444,0.24272,0.13789,-0.83902,0.54410,0.49301,0.00000,0.00000
0.05468,0.00821,0.34197,0.19673,0.07292,0.01662,0.08059,0.16844,0.78259,0.62253,0.70035,0.00000,0.00000
0.07337,0.05436,0.39566,0.18286,0.03579,0.02589,0.33603,0.16475,0.37433,-0.92730,0.22946,0.00000,0.00000
0.12041,0.13568,0.85855,0.11670,0.32800,0.03418,0.39946,0.08602,-0.88458,0.46639,0.29508,0.25000,0.00000
0.05762,0.01209,0.61521,0.03710,0.10496,0.07400,0.24050,0.09301,-0.23645,0.97164,0.39028,0.00000,0.00000
0.03011,0.03482,0.51157,0.05339,0.10443,0.07216,0.36234,0.08490,-0.33174,-0.94337,0.36686,0.00000,0.00000
0.08856,0.08510,0.78081,0.21675,0.07992,0.09468,0.12667,0.32322,0.99280,0.11980,0.24948,0.00000,0.00000
0.02619,0.05691,0.41862,0.08563,0.11933,0.06482,0.27032,0.06507,0.66935,-0.74295,0.70199,0.00000,0.00000
0.05302,0.03724,0.43351,0.08854,0.14762,0.07604,0.54365,0.10964,0.45728,0.88932,0.35085,0.00000,1.00000
0.00970,0.07511,0.87722,0.06111,0.02223,0.12030,0.17122,0.01654,-0.76532,0.64365,0.13097,0.00000,0.00000
0.08604,0.06435,0.54596,0.00699,0.09379,0.29019,0.11571,0.16468,-0.98847,-0.15142,0.45791,0.25000,0.00000
0.04293,0.00522,0.73060,0.03338,0.01408,0.07461,0.02784,0.32831,0.87567,-0.48291,0.67603,0.00000,0.00000
0.06202,0.00649,0.68351,0.29488,0.08252,0.21743,0.33736,0.14903,-0.98033,-0.19736,0.12963,0.50000,0.00000
0.14127,0.08204,0.52050,0.19729,0.02028,0.35089,0.14899,0.17326,0.82708,0.56209,0.69957,0.00000,0.00000
0.21775,0.07328,0.74296,0.27723,0.19651,0.05761,0.01569,0.01073,0.30384,-0.95272,0.32935,0.00000,0.00000
0.08079,0.05376,0.86752,0.05022,0.04929,0.19517,0.08577,0.03979,-0.74462,0.66749,0.21269,0.00000,0.00000
0.05547,0.00106,0.72751,0.14912,0.21982,0.15020,0.04204,0.21487,-0.98975,0.14278,0.11451,0.00000,0.00000
0.03252,0.01093,0.48726,0.23193,0.08795,0.12875,0.05999,0.15551,-0.99788,-0.06501,0.52507,0.25000,0.00000
0.12354,0.01460,0.62275,0.07428,0.07272,0.05159,0.42806,0.07627,0.40329,0.91507,0.28195,0.00000,0.00000
0.05318,0.04575,0.74832,0.01448,0.17971,0.05219,0.17568,0.19101,0.72968,0.68379,0.27939,0.00000,0.00000
0.29144,0.02892,0.63387,0.08213,0.02346,0.09971,0.04953,0.09778,-0.56047,-0.82817,0.29369,0.00000,0.00000
0.15525,0.04679,0.44090,0.15473,0.09500,0.07834,0.17599,0.08714,-0.31086,-0.95046,0.67742,0.00000,0.00000
0.13620,0.01821,0.74445,0.11578,0.08163,0.07610,0.04281,0.01925,0.18853,0.98207,0.44051,0.00000,0.00000
0.05105,0.06405,0.42318,0.11317,0.16794,0.16037,0.17451,0.05151,0.99923,-0.03921,0.31745,0.00000,0.00000
0.32633,0.11986,0.80171,0.08676,0.03242,0.06912,0.01406,0.05387,-0.72408,-0.68972,0.37196,0.00000,1.00000
0.14596,0.10096,0.81416,0.08044,0.30570,0.08267,0.13053,0.15644,-0.99523,-0.09758,0.14499,0.00000,0.00000
0.21238,0.02914,0.91380,0.02219,0.05506,0.07777,0.08235,0.09066,-0.71447,-0.69967,0.25314,0.00000,0.00000
0.19019,0.02747,0.80994,0.07674,0.22246,0.22046,0.19112,0.08570,0.12094,0.99266,0.40233,0.00000,0.00000
0.05274,0.18512,0.65133,0.02191,0.25764,0.08767,0.27504,0.27459,-0.58548,-0.81069,0.40353,0.25000,0.00000
0.10928,0.01059,0.77720,0.11411,0.02736,0.08878,0.57086,0.01660,-0.88461,-0.46632,0.44813,0.00000,0.00000
0.25620,0.08376,0.78590,0.18478,0.14130,0.10876,0.07092,0.14797,0.35514,0.93481,0.38309,0.00000,0.00000
0.16709,0.02725,0.83260,0.02780,0.08725,0.15650,0.12843,0.07212,0.96593,0.25879,0.58384,0.00000,0.00000
0.06618,0.05375,0.80168,0.02842,0.13517,0.17095,0.14362,0.34281,-0.63661,-0.77118,0.20720,0.00000,0.00000
0.07651,0.16138,0.64691,0.11985,0.09857,0.02768,0.12623,0.01962,-0.84663,-0.53218,0.62973,0.00000,0.00000
0.22026,0.24919,0.80786,0.05215,0.14573,0.16153,0.19252,0.21132,0.95786,0.28723,0.23577,0.25000,0.00000
0.09557,0.01873,0.86411,0.08424,0.07423,0.08302,0.06465,0.04381,-0.94291,-0.33305,0.32307,0.00000,0.00000
0.09495,0.11130,0.90403,0.22509,0.14288,0.05307,0.32093,0.21111,0.95793,0.28700,0.28654,0.00000,0.00000
0.05812,0.12844,0.58389,0.27421,0.15414,0.12560,0.10625,0.18289,-0.10623,0.99434,0.77498,0.00000,0.00000
0.46645,0.14063,0.86877,0.16026,0.06688,0.02444,0.12258,0.01430,-0.82201,-0.56948,0.36658,0.00000,0.00000
0.06366,0.00771,0.85100,0.09145,0.16032,0.03908,0.13626,0.15598,-0.49780,-0.86729,0.23360,0.00000,0.00000
0.09338,0.07282,0.76064,0.17609,0.02440,0.10905,0.32930,0.11470,0.85015,-0.52654,0.08151,0.00000,0.00000
0.15416,0.05253,0.91568,0.30987,0.01498,0.11572,0.06501,0.04052,0.99981,-0.01942,0.42720,0.25000,0.00000
0.02635,0.05368,0.13576,0.09204,0.26590,0.07877,0.19198,0.13265,0.66921,-0.74307,0.21854,0.00000,0.00000
0.14476,0.07962,0.85785,0.03832,0.31481,0.28500,0.13555,0.14088,-0.99230,-0.12389,0.20575,0.00000,0.00000
0.08107,0.08081,0.86640,0.00280,0.09537,0.01750,0.35315,0.06871,-0.01899,0.99982,0.38202,0.00000,0.00000
0.02651,0.11480,0.83729,0.10983,0.02438,0.05789,0.27883,0.04909,0.06659,-0.99778,0.19883,0.00000,0.00000
0.10801,0.03740,0.65543,0.09753,0.06410,0.02789,0.21598,0.31252,0.73690,0.67600,0.16500,0.25000,0.00000
0.08509,0.02128,0.81382,0.08735,0.16111,0.22751,0.26111,0.18297,0.99955,-0.03012,0.58379,0.00000,0.00000
0.32178,0.01361,0.55264,0.11910,0.15588,0.09515,0.30391,0.02456,0.65058,-0.75944,0.15317,0.00000,0.00000
0.03193,0.03936,0.77018,0.01707,0.13242,0.10497,0.01762,0.06944,0.86442,0.50276,0.42736,0.00000,0.00000
0.09594,0.03652,0.78678,0.05807,0.08448,0.01780,0.08975,0.07305,0.99406,0.10888,0.53978,0.25000,0.00000
0.26021,0.14582,0.59591,0.06922,0.03548,0.06036,0.10821,0.10471,-0.97207,0.23468,0.36166,0.00000,1.00000
0.11410,0.01754,0.62263,0.09556,0.17290,0.04251,0.03613,0.04507,0.01701,0.99986,0.67984,0.00000,0.00000
0.12312,0.12849,0.57602,0.10016,0.22679,0.05218,0.11074,0.11451,-0.93629,0.35123,0.35122,0.00000,0.00000
0.15503,0.05167,0.58948,0.04018,0.24025,0.08045,0.01051,0.21228,-0.24701,-0.96901,0.63318,0.50000,0.00000
0.03622,0.02985,0.90176,0.12612,0.03692,0.14939,0.07119,0.26375,0.87859,-0.47757,0.28048,0.00000,0.00000
0.09265,0.03401,0.50521,0.04865,0.07645,0.10078,0.15016,0.03990,0.99872,-0.05057,0.14674,0.25000,0.00000
0.20380,0.09608,0.45660,0.11987,0.10774,0.11674,0.05489,0.22965,0.70426,0.70995,0.29408,0.00000,0.00000
0.05323,0.02155,0.81411,0.03390,0.11242,0.09603,0.41585,0.19003,-0.92153,0.38830,0.53678,0.00000,0.00000
0.03916,0.04226,0.67524,0.04145,0.09436,0.02046,0.22353,0.32687,0.49250,0.87031,0.36279,0.00000,0.00000
0.10952,0.08017,0.55332,0.07923,0.06317,0.07225,0.13339,0.57104,-0.92375,0.38301,0.44318,0.25000,0.00000
0.07944,0.02635,0.88862,0.04615,0.00349,0.01174,0.26838,0.27296,-0.32492,0.94574,0.59529,0.00000,0.00000
0.10143,0.02744,0.75697,0.00366,0.06687,0.05746,0.05808,0.04670,-0.99971,0.02396,0.14497,0.00000,0.00000
0.26497,0.00281,0.87293,0.07460,0.06684,0.08471,0.58629,0.04111,0.53445,-0.84520,0.14935,0.25000,0.00000
0.05832,0.15979,0.59439,0.27041,0.14413,0.03878,0.21312,0.12169,0.03492,-0.99939,0.48095,0.00000,0.00000
0.18060,0.03901,0.63875,0.03627,0.04180,0.07375,0.42463,0.00229,-0.39727,-0.91770,0.71466,0.00000,0.00000
0.12629,0.00447,0.70700,0.03568,0.09902,0.04676,0.22937,0.23189,0.94797,0.31836,0.42300,0.00000,0.00000
0.01826,0.01961,0.83336,0.26120,0.20964,0.00608,0.16736,0.11663,-0.18419,-0.98289,0.68071,0.00000,0.00000
0.09389,0.01776,0.78475,0.06259,0.30935,0.14085,0.16529,0.32369,0.43268,-0.90155,0.48363,0.00000,0.00000
0.04031,0.00641,0.87453,0.12215,0.11525,0.03529,0.25404,0.20117,-0.98968,-0.14331,0.52132,0.00000,0.00000
0.14270,0.06483,0.38409,0.25580,0.06913,0.11850,0.02970,0.12209,-0.42254,-0.90634,0.47336,0.00000,0.00000
0.04204,0.08883,0.76939,0.21627,0.07031,0.08612,0.05010,0.00513,-0.34336,-0.93920,0.55456,0.00000,0.00000
0.16163,0.05182,0.69433,0.15208,0.14221,0.00668,0.33494,0.25866,0.00125,-1.00000,0.33069,0.00000,0.00000
0.15194,0.11091,0.81989,0.03275,0.17279,0.03433,0.15080,0.21644,-0.59263,-0.80547,0.26404,0.00000,0.00000
0.03973,0.00450,0.77988,0.09628,0.05754,0.08552,0.01852,0.17917,0.95468,-0.29764,0.21829,0.00000,0.00000
0.15722,0.08265,0.80600,0.35153,0.07006,0.02329,0.36544,0.11865,0.09953,0.99504,0.44924,0.00000,0.00000
0.24314,0.02250,0.46801,0.11480,0.02144,0.06086,0.01163,0.23383,0.95288,0.30336,0.41846,0.00000,0.00000
0.03503,0.02524,0.87834,0.16043,0.10794,0.08724,0.32520,0.12670,0.95493,-0.29683,0.21311,0.25000,1.00000
0.16181,0.11064,0.71275,0.25848,0.08621,0.16900,0.17861,0.11127,0.37259,0.92800,0.51467,0.00000,0.00000
0.09489,0.04236,0.21729,0.04736,0.15246,0.03124,0.12253,0.00698,-0.60775,0.79413,0.60377,0.00000,0.00000
0.26919,0.02429,0.81921,0.08192,0.12230,0.01363,0.37379,0.22856,-0.73627,0.67669,0.32937,0.25000,0.00000
0.07236,0.01874,0.73004,0.01596,0.13796,0.13792,0.14563,0.00942,0.41998,-0.90753,0.27469,0.00000,0.00000
0.06581,0.00944,0.83269,0.03635,0.12002,0.07495,0.28280,0.22119,0.79172,-0.61088,0.33527,0.00000,0.00000
0.03680,0.03985,0.63457,0.10327,0.14607,0.10765,0.13076,0.10804,-0.57303,-0.81954,0.26871,0.00000,0.00000
0.06471,0.17342,0.62497,0.05983,0.06929,0.19242,0.03609,0.19250,0.46665,-0.88444,0.24527,0.00000,0.00000
0.23505,0.04859,0.55981,0.11346,0.10383,0.09688,0.09510,0.16438,0.42270,0.90627,0.25851,0.00000,0.00000
0.06483,0.01895,0.62876,0.08356,0.13750,0.07747,0.44278,0.01533,-0.97285,-0.23144,0.30314,0.00000,0.00000
0.05463,0.08864,0.50963,0.01929,0.08087,0.15077,0.19212,0.33203,0.85704,-0.51524,0.16249,0.00000,0.00000
0.13967,0.22468,0.38540,0.06071,0.03008,0.15177,0.13666,0.09050,-0.97368,-0.22793,0.30231,0.00000,0.00000
0.05804,0.12105,0.49844,0.10309,0.14628,0.09362,0.04331,0.23484,0.10068,-0.99492,0.79114,0.25000,0.00000
0.05042,0.07276,0.67927,0.04566,0.15579,0.31633,0.10925,0.06160,-0.97439,0.22488,0.30070,0.00000,0.00000
0.05693,0.15349,0.38437,0.04737,0.26399,0.12327,0.00799,0.03851,-0.84026,-0.54218,0.11654,0.00000,0.00000
0.10188,0.00143,0.52070,0.06307,0.02435,0.11452,0.41211,0.00717,-0.92905,0.36995,0.15196,0.25000,0.00000
0.06825,0.00044,0.84652,0.12155,0.08297,0.12153,0.27734,0.47202,0.16947,0.98553,0.31170,0.00000,0.00000
0.03483,0.01211,0.89059,0.23692,0.04625,0.02176,0.08685,0.13613,-0.99973,-0.02312,0.28695,0.00000,0.00000
